{"cameraMode":{"drawMode":0,"name":"Shaded","section":"Shading Mode"},"sceneLighting":true,"audioPlay":false,"sceneViewState":{"m_AlwaysRefresh":false,"showFog":true,"showSkybox":true,"showFlares":true,"showImageEffects":true,"showParticleSystems":true,"showVisualEffectGraphs":true,"m_FxEnabled":true},"in2DMode":false,"pivot":{"x":-2.290328025817871,"y":10.811302185058594,"z":-2.995756149291992},"rotation":{"x":0.20964454114437104,"y":-0.004435392562299967,"z":0.0008668403024785221,"w":0.9778012633323669},"size":0.014557781629264355,"orthographic":false}